{
    "name": "root",
    "gauges": {
        "Shooter.Policy.Entropy.mean": {
            "value": 1.6188243627548218,
            "min": 1.6005847454071045,
            "max": 2.0003862380981445,
            "count": 10
        },
        "Shooter.Policy.Entropy.sum": {
            "value": 8116.78564453125,
            "min": 7994.9208984375,
            "max": 10029.9365234375,
            "count": 10
        },
        "Shooter.Environment.EpisodeLength.mean": {
            "value": 16.40972222222222,
            "min": 15.181229773462784,
            "max": 22.785714285714285,
            "count": 10
        },
        "Shooter.Environment.EpisodeLength.sum": {
            "value": 4726.0,
            "min": 4690.0,
            "max": 4785.0,
            "count": 10
        },
        "Shooter.Step.mean": {
            "value": 49988.0,
            "min": 4950.0,
            "max": 49988.0,
            "count": 10
        },
        "Shooter.Step.sum": {
            "value": 49988.0,
            "min": 4950.0,
            "max": 49988.0,
            "count": 10
        },
        "Shooter.Policy.ExtrinsicValueEstimate.mean": {
            "value": 0.8691269159317017,
            "min": -0.045749813318252563,
            "max": 0.8691269159317017,
            "count": 10
        },
        "Shooter.Policy.ExtrinsicValueEstimate.sum": {
            "value": 252.91592407226562,
            "min": -12.260950088500977,
            "max": 252.91592407226562,
            "count": 10
        },
        "Shooter.Environment.CumulativeReward.mean": {
            "value": 0.9618055555038154,
            "min": 0.018461537131896386,
            "max": 0.9790476190192359,
            "count": 10
        },
        "Shooter.Environment.CumulativeReward.sum": {
            "value": 276.99999998509884,
            "min": 4.79999965429306,
            "max": 276.99999998509884,
            "count": 10
        },
        "Shooter.Policy.ExtrinsicReward.mean": {
            "value": 0.9618055555038154,
            "min": 0.018461537131896386,
            "max": 0.9790476190192359,
            "count": 10
        },
        "Shooter.Policy.ExtrinsicReward.sum": {
            "value": 276.99999998509884,
            "min": 4.79999965429306,
            "max": 276.99999998509884,
            "count": 10
        },
        "Shooter.Losses.PolicyLoss.mean": {
            "value": 0.23785388081542105,
            "min": 0.23531831420376945,
            "max": 0.25134108465863114,
            "count": 10
        },
        "Shooter.Losses.PolicyLoss.sum": {
            "value": 10.703424636693947,
            "min": 10.118687510762086,
            "max": 11.561689894297032,
            "count": 10
        },
        "Shooter.Losses.ValueLoss.mean": {
            "value": 0.026118459373745243,
            "min": 0.01747860655901393,
            "max": 0.1254794852829291,
            "count": 10
        },
        "Shooter.Losses.ValueLoss.sum": {
            "value": 1.175330671818536,
            "min": 0.751580082037599,
            "max": 5.521097352448881,
            "count": 10
        },
        "Shooter.Policy.LearningRate.mean": {
            "value": 1.487636170791111e-05,
            "min": 1.487636170791111e-05,
            "max": 0.00028517114130659086,
            "count": 10
        },
        "Shooter.Policy.LearningRate.sum": {
            "value": 0.000669436276856,
            "min": 0.000669436276856,
            "max": 0.012547530217489998,
            "count": 10
        },
        "Shooter.Policy.Epsilon.mean": {
            "value": 0.10495875555555559,
            "min": 0.10495875555555559,
            "max": 0.19505704545454547,
            "count": 10
        },
        "Shooter.Policy.Epsilon.sum": {
            "value": 4.723144000000001,
            "min": 4.723144000000001,
            "max": 8.582510000000001,
            "count": 10
        },
        "Shooter.Policy.Beta.mean": {
            "value": 0.0005000000000000001,
            "min": 0.0005,
            "max": 0.0005000000000000001,
            "count": 10
        },
        "Shooter.Policy.Beta.sum": {
            "value": 0.022500000000000006,
            "min": 0.021000000000000005,
            "max": 0.023000000000000007,
            "count": 10
        },
        "Shooter.IsTraining.mean": {
            "value": 1.0,
            "min": 1.0,
            "max": 1.0,
            "count": 10
        },
        "Shooter.IsTraining.sum": {
            "value": 1.0,
            "min": 1.0,
            "max": 1.0,
            "count": 10
        }
    },
    "metadata": {
        "timer_format_version": "0.1.0",
        "start_time_seconds": "1706155045",
        "python_version": "3.10.12 (main, Nov 20 2023, 15:14:05) [GCC 11.4.0]",
        "command_line_arguments": "/home/bryce/.local/bin/mlagents-learn ./shooter_config.yaml --run-id=Shooter",
        "mlagents_version": "1.1.0.dev0",
        "mlagents_envs_version": "1.1.0.dev0",
        "communication_protocol_version": "1.5.0",
        "pytorch_version": "2.1.2+cu118",
        "numpy_version": "1.21.2",
        "end_time_seconds": "1706155488"
    },
    "total": 442.9303968049935,
    "count": 1,
    "self": 0.00989973898686003,
    "children": {
        "run_training.setup": {
            "total": 0.015108891006093472,
            "count": 1,
            "self": 0.015108891006093472
        },
        "TrainerController.start_learning": {
            "total": 442.90538817500055,
            "count": 1,
            "self": 0.8329080424591666,
            "children": {
                "TrainerController._reset_env": {
                    "total": 13.49939270199684,
                    "count": 1,
                    "self": 13.49939270199684
                },
                "TrainerController.advance": {
                    "total": 428.51867218453845,
                    "count": 52379,
                    "self": 0.832827621299657,
                    "children": {
                        "env_step": {
                            "total": 340.64944202118204,
                            "count": 52379,
                            "self": 247.39646239163994,
                            "children": {
                                "SubprocessEnvManager._take_step": {
                                    "total": 92.65687477389292,
                                    "count": 52379,
                                    "self": 2.2393426995840855,
                                    "children": {
                                        "TorchPolicy.evaluate": {
                                            "total": 90.41753207430884,
                                            "count": 50021,
                                            "self": 90.41753207430884
                                        }
                                    }
                                },
                                "workers": {
                                    "total": 0.5961048556491733,
                                    "count": 52379,
                                    "self": 0.0,
                                    "children": {
                                        "worker_root": {
                                            "total": 441.7825297711679,
                                            "count": 52379,
                                            "is_parallel": true,
                                            "self": 230.20447465148754,
                                            "children": {
                                                "run_training.setup": {
                                                    "total": 0.0,
                                                    "count": 0,
                                                    "is_parallel": true,
                                                    "self": 0.0,